{"cameraMode":{"drawMode":0,"name":"Shaded","section":"Shading Mode"},"sceneLighting":false,"audioPlay":false,"sceneViewState":{"m_AlwaysRefresh":false,"showFog":true,"showSkybox":false,"showFlares":true,"showImageEffects":true,"showParticleSystems":true,"showVisualEffectGraphs":true,"m_FxEnabled":true},"in2DMode":false,"pivot":{"x":-0.004442453384399414,"y":1.0349388122558594,"z":0.7234906554222107},"rotation":{"x":0.37352651357650759,"y":-0.5773035287857056,"z":0.3346620798110962,"w":0.6444709897041321},"size":2.397301435470581,"orthographic":false}