{"cameraMode":{"drawMode":0,"name":"Shaded","section":"Shading Mode"},"sceneLighting":true,"audioPlay":false,"sceneViewState":{"m_AlwaysRefresh":false,"showFog":true,"showSkybox":true,"showFlares":true,"showImageEffects":true,"showParticleSystems":true,"showVisualEffectGraphs":true,"m_FxEnabled":true},"in2DMode":false,"pivot":{"x":-21.194997787475587,"y":14.001328468322754,"z":9.04334831237793},"rotation":{"x":-0.4147772192955017,"y":0.021023141220211984,"z":-0.009565634652972222,"w":-0.909653902053833},"size":0.006510952487587929,"orthographic":false}