{"cameraMode":{"drawMode":0,"name":"Shaded","section":"Shading Mode"},"sceneLighting":true,"audioPlay":false,"sceneViewState":{"m_AlwaysRefresh":false,"showFog":true,"showSkybox":true,"showFlares":true,"showImageEffects":true,"showParticleSystems":true,"showVisualEffectGraphs":true,"m_FxEnabled":true},"in2DMode":false,"pivot":{"x":-0.8470864295959473,"y":0.839722216129303,"z":-2.980232238769531e-7},"rotation":{"x":-0.013499242253601551,"y":0.7603002190589905,"z":-0.6492897272109985,"w":-0.01568908616900444},"size":12.595450401306153,"orthographic":false}