{"cameraMode":{"drawMode":0,"name":"Shaded","section":"Shading Mode"},"sceneLighting":false,"audioPlay":false,"sceneViewState":{"m_AlwaysRefresh":false,"showFog":true,"showSkybox":false,"showFlares":true,"showImageEffects":true,"showParticleSystems":true,"showVisualEffectGraphs":true,"m_FxEnabled":true},"in2DMode":false,"pivot":{"x":1.1374950408935547,"y":1.2129387855529786,"z":1.0679657459259034},"rotation":{"x":0.25170353055000307,"y":0.6918347477912903,"z":-0.2834802269935608,"w":0.6145860552787781},"size":3.7634222507476808,"orthographic":false}