{"cameraMode":{"drawMode":0,"name":"Shaded","section":"Shading Mode"},"sceneLighting":false,"audioPlay":false,"sceneViewState":{"m_AlwaysRefresh":false,"showFog":true,"showSkybox":false,"showFlares":true,"showImageEffects":true,"showParticleSystems":true,"showVisualEffectGraphs":true,"m_FxEnabled":true},"in2DMode":false,"pivot":{"x":27.000276565551759,"y":-0.24400877952575684,"z":-20.13570785522461},"rotation":{"x":-0.397051602602005,"y":0.006056506186723709,"z":-0.0026171281933784487,"w":-0.9177784323692322},"size":2.384014368057251,"orthographic":false}