{"cameraMode":{"drawMode":0,"name":"Shaded","section":"Shading Mode"},"sceneLighting":false,"audioPlay":false,"sceneViewState":{"m_AlwaysRefresh":false,"showFog":true,"showSkybox":false,"showFlares":true,"showImageEffects":true,"showParticleSystems":true,"showVisualEffectGraphs":true,"m_FxEnabled":true},"in2DMode":false,"pivot":{"x":29.646146774291993,"y":-0.6723307371139526,"z":-21.15005874633789},"rotation":{"x":-0.28863072395324709,"y":-0.009479946456849575,"z":0.0028604348190128805,"w":-0.9573954343795776},"size":2.384014368057251,"orthographic":false}