{"cameraMode":{"drawMode":0,"name":"Shaded","section":"Shading Mode"},"sceneLighting":false,"audioPlay":false,"sceneViewState":{"m_AlwaysRefresh":false,"showFog":true,"showSkybox":false,"showFlares":true,"showImageEffects":true,"showParticleSystems":true,"showVisualEffectGraphs":true,"m_FxEnabled":true},"in2DMode":false,"pivot":{"x":-0.2248668372631073,"y":2.7187442779541017,"z":1.4837498664855958},"rotation":{"x":0.20953643321990968,"y":0.7739876508712769,"z":-0.32256120443344118,"w":0.5030502676963806},"size":2.159480571746826,"orthographic":false}